{
  "id": 3,
  "name": "Load Speed",
  "description": null,
  "criterias": [
    {
      "id": 9,
      "type": 37,
      "name": "Page load speed score",
      "rationale": "<i class=\"warning\">71</i>/100",
      "description": "Speed score as estimated by Google. \n    Google will compare your website load speed with millions of other websites in \n    their database. The score ranges from 0 to 100. The higher the value the better. \n    If the page is anywhere over 85 you site loads really fast.",
      "content": null,
      "checked": "warning"
    },
    {
      "id": 10,
      "type": 38,
      "name": "Page load speed",
      "rationale": "<i class=\"warning\">1526.833</i> Kb/sec",
      "description": "It's recommended to increase the webpage's\n     load speed. Low load speed may decrease the number of users tolerant enough to wait\n      till the website is loaded completely.",
      "content": null,
      "checked": "warning"
    },
    {
      "id": 11,
      "type": 39,
      "name": "Page size",
      "rationale": "<i class=\"warning\">2.87 MB</i>",
      "description": "It's recommended to reduce the website's\n     100% loaded size. People prefer websites that load quickly and so do search\n      engines counting it as a positive ranking factor.",
      "content": null,
      "checked": "warning"
    },
    {
      "id": 12,
      "type": 40,
      "name": "Page load time",
      "rationale": "<i class=\"warning\">1.88 s</i>",
      "description": "It's recommended to reduce the page load\n     time. If the website is loading for too long it will have a negative impact on\n      the website's ranking.",
      "content": null,
      "checked": "warning"
    },
    {
      "id": 13,
      "type": 41,
      "name": "Downloaded files and page elements",
      "rationale": null,
      "description": "List of the loaded files and elements before the website is displayed.",
      "content": "file;path;size",
      "checked": ""
    }
  ],
  "percent": 0,
  "warning": 4,
  "error": 0
}