{
  "id": 7,
  "name": "Index status and cached snapshot in the search engines",
  "description": null,
  "criterias": [
    {
      "id": 26,
      "type": 17,
      "name": "The page is indexed",
      "rationale": [
        {
          "tooltip": "Google",
          "image": "http://seoapi.loc/static/web/attachment/images/thumbnail/icn-google.svg"
        },
        {
          "tooltip": "Yahoo",
          "image": "http://seoapi.loc/static/web/attachment/images/thumbnail/icn-yahoo.svg"
        },
        {
          "tooltip": "Bing",
          "image": "http://seoapi.loc/static/web/attachment/images/thumbnail/icn-bing.svg"
        },
        {
          "tooltip": "Yandex",
          "image": "http://seoapi.loc/static/web/attachment/images/thumbnail/icn-yandex.svg"
        }
      ],
      "description": "Once a page is indexed by search engines it will be available in its SERPs however if the page is not indexed then the search engine knows nothing about it. Chances it will show up in the SERPs pages are second to none.",
      "content": [
        {
          "tooltip": "Google",
          "snapshot": {
            "title": "<a target=\"_blank\" href=\"http://intent.de\">Intent GmbH - Professionelle Weblösungen und Onlineshops</a>",
            "url": "<cite>http://intent.de</cite>",
            "description": "<p>Wir beraten und unterstützen kleine und mittelständische Unternehmen im Bereich Internet- und E-Commerce, um einen modernen Internet-Auftritt zu realisieren</p>"
          },
          "image": "http://seoapi.loc/static/web/attachment/images/img-logo-google.svg"
        },
        {
          "tooltip": "Yahoo",
          "snapshot": {
            "title": "<a target=\"_blank\" href=\"http://intent.de\">Intent GmbH - Professionelle Weblösungen und Onlineshops</a>",
            "url": "<cite>http://intent.de</cite>",
            "description": "<p>Wir beraten und unterstützen kleine und mittelständische Unternehmen im Bereich Internet- und E-Commerce, um einen modernen Internet-Auftritt zu realisieren</p>"
          },
          "image": "http://seoapi.loc/static/web/attachment/images/img-logo-yahoo.svg"
        },
        {
          "tooltip": "Bing",
          "snapshot": {
            "title": "<a target=\"_blank\" href=\"http://intent.de\">Intent GmbH - Professionelle Weblösungen und Onlineshops</a>",
            "url": "<cite>http://intent.de</cite>",
            "description": "<p>Wir beraten und unterstützen kleine und mittelständische Unternehmen im Bereich Internet- und E-Commerce, um einen modernen Internet-Auftritt zu realisieren</p>"
          },
          "image": "http://seoapi.loc/static/web/attachment/images/img-logo-bing.svg"
        },
        {
          "tooltip": "Yandex",
          "snapshot": {
            "title": "<a target=\"_blank\" href=\"http://intent.de\">Intent GmbH - Professionelle Weblösungen und Onlineshops</a>",
            "url": "<cite>http://intent.de</cite>",
            "description": "<p>Wir beraten und unterstützen kleine und mittelständische Unternehmen im Bereich Internet- und E-Commerce, um einen modernen Internet-Auftritt zu realisieren</p>"
          },
          "image": "http://seoapi.loc/static/web/attachment/images/img-logo-yandex.svg"
        }
      ],
      "checked": "passed"
    }
  ],
  "percent": 100,
  "warning": 0,
  "error": 0
}