{
  "id": 12,
  "name": "Page Load Optimization Mobile",
  "description": "<img src=\"http://seoapi.loc/static/web/attachment/images/1/mobile.jpg\" alt=\"mobile view\">",
  "criterias": [
    {
      "id": 44,
      "type": 42,
      "name": "Avoid landing page redirects",
      "rationale": null,
      "description": [
        {
          "title": "Your page has no redirects. Learn more about <a target =\"_blank\" href=\"https://developers.google.com/speed/docs/insights/AvoidRedirects\">avoiding landing page redirects</a>."
        }
      ],
      "content": null,
      "checked": "error"
    },
    {
      "id": 45,
      "type": 43,
      "name": "Enable compression",
      "rationale": null,
      "description": [
        {
          "title": "<a target =\"_blank\" href=\"https://developers.google.com/speed/docs/insights/EnableCompression\">Enable compression</a> for the following resources to reduce their transfer size by 46.1KiB (79% reduction)."
        },
        {
          "link": "Compressing https://intent.de/ could save 46.1KiB (79% reduction)."
        }
      ],
      "content": null,
      "checked": "warning"
    },
    {
      "id": 46,
      "type": 44,
      "name": "Leverage browser caching",
      "rationale": null,
      "description": [
        {
          "title": "<a target =\"_blank\" href=\"https://developers.google.com/speed/docs/insights/LeverageBrowserCaching\">Leverage browser caching</a> for the following cacheable resources:"
        },
        {
          "link": [
            "https://intent.de/wp-content/themes/Intent/assets/fonts/icomoon/icomoon.woff (expiration not specified)",
            "https://intent.de/wp-content/uploads/2015/02/intent-1-4.jpg (expiration not specified)",
            "https://intent.de/wp-content/uploads/2015/02/intent-2-4.jpg (expiration not specified)",
            "https://intent.de/wp-content/uploads/2015/02/intent-3-4.jpg (expiration not specified)",
            "https://intent.de/wp-content/uploads/2015/02/intent-4-4.jpg (expiration not specified)",
            "https://intent.de/wp-content/uploads/2015/02/intent-4jz.jpg (expiration not specified)",
            "https://intent.de/wp-content/uploads/2015/02/intent-circle.jpg (expiration not specified)",
            "https://intent.de/wp-content/uploads/2015/02/intent-hk.jpg (expiration not specified)",
            "https://intent.de/wp-content/uploads/2015/02/intent-ma.jpg (expiration not specified)",
            "https://intent.de/wp-content/uploads/2015/02/intent-mockup-yuicery.jpg (expiration not specified)",
            "https://intent.de/wp-content/uploads/2015/02/intent-s04.jpg (expiration not specified)",
            "https://intent.de/wp-content/uploads/2015/02/intent-wb.jpg (expiration not specified)",
            "https://intent.de/wp-content/uploads/2016/06/intent-x1.png (expiration not specified)",
            "https://intent.de/wp-content/uploads/2016/06/intent-x2.png (expiration not specified)",
            "https://cdn.heapanalytics.com/js/heap-1020413245.js (2 minutes)",
            "https://www.google-analytics.com/analytics.js (2 hours)"
          ]
        }
      ],
      "content": null,
      "checked": "error"
    },
    {
      "id": 47,
      "type": 45,
      "name": "Reduce server response time",
      "rationale": null,
      "description": [
        {
          "title": "In our test, your server responded in 0.57 seconds. There are many factors that can slow down your server response time. <a target =\"_blank\" href=\"https://developers.google.com/speed/docs/insights/Server\">Please read our recommendations</a> to learn how you can monitor and measure where your server is spending the most time."
        }
      ],
      "content": null,
      "checked": "warning"
    },
    {
      "id": 48,
      "type": 46,
      "name": "Minify CSS",
      "rationale": null,
      "description": [
        {
          "title": "<a target =\"_blank\" href=\"https://developers.google.com/speed/docs/insights/MinifyResources\">Minify CSS</a> for the following resources to reduce their size by 3.2KiB (29% reduction)."
        },
        {
          "link": [
            "Minifying https://intent.de/wp-content/plugins/revslider/public/assets/css/settings.css?ver=5.2.3.5 could save 2.1KiB (28% reduction) after compression.",
            "Minifying https://intent.de/wp-content/plugins/go_portfolio/assets/css/go_portfolio_styles.css?ver=1.6.4 could save 1.1KiB (32% reduction) after compression."
          ]
        }
      ],
      "content": null,
      "checked": "error"
    },
    {
      "id": 49,
      "type": 48,
      "name": "Minify JavaScript",
      "rationale": null,
      "description": [
        {
          "title": "<a target =\"_blank\" href=\"https://developers.google.com/speed/docs/insights/MinifyResources\">Minify JavaScript</a> for the following resources to reduce their size by 10.8KiB (35% reduction)."
        },
        {
          "link": [
            "Minifying https://intent.de/wp-content/plugins/jetpack/modules/carousel/jetpack-carousel.js?ver=20170209 could save 4.9KiB (36% reduction) after compression.",
            "Minifying https://intent.de/wp-content/plugins/go_portfolio/assets/js/go_portfolio_scripts.js?ver=1.6.4 could save 2.5KiB (29% reduction) after compression.",
            "Minifying https://intent.de/wp-content/plugins/jetpack/_inc/spin.js?ver=1.3 could save 1.5KiB (40% reduction) after compression.",
            "Minifying https://intent.de/wp-content/plugins/nprogress-wordpress-master/javascript/nprogress.js?ver=0.1 could save 1.4KiB (41% reduction) after compression.",
            "Minifying https://intent.de/wp-content/plugins/jetpack/_inc/jquery.spin.js?ver=1.3 could save 512B (45% reduction) after compression."
          ]
        }
      ],
      "content": null,
      "checked": "warning"
    },
    {
      "id": 50,
      "type": 47,
      "name": "Minify HTML",
      "rationale": null,
      "description": [
        {
          "title": "Your HTML is minified. Learn more about <a target =\"_blank\" href=\"https://developers.google.com/speed/docs/insights/MinifyResources\">minifying HTML</a>."
        }
      ],
      "content": null,
      "checked": "error"
    },
    {
      "id": 51,
      "type": 49,
      "name": "Eliminate render-blocking JavaScript and CSS in above-the-fold content",
      "rationale": null,
      "description": [
        {
          "title": "<a target =\"_blank\" href=\"https://developers.google.com/speed/docs/insights/BlockingJS\">Remove render-blocking JavaScript</a>:"
        }
      ],
      "content": null,
      "checked": "error"
    },
    {
      "id": 52,
      "type": 50,
      "name": "Optimize images",
      "rationale": null,
      "description": [
        {
          "title": "<a target =\"_blank\" href=\"https://developers.google.com/speed/docs/insights/OptimizeImages\">Optimize the following images</a> to reduce their size by 170.9KiB (50% reduction)."
        },
        {
          "link": [
            "Compressing https://intent.de/wp-content/uploads/2015/02/intent-mockup-yuicery.jpg could save 149KiB (50% reduction).",
            "Compressing https://intent.de/wp-content/uploads/2015/02/intent-s04.jpg could save 3.7KiB (51% reduction).",
            "Compressing https://intent.de/wp-content/uploads/2015/02/intent-hk.jpg could save 3.7KiB (47% reduction).",
            "Compressing https://intent.de/wp-content/uploads/2015/02/intent-4jz.jpg could save 2.7KiB (51% reduction).",
            "Compressing https://intent.de/wp-content/uploads/2015/02/intent-wb.jpg could save 2.2KiB (42% reduction).",
            "Compressing https://intent.de/wp-content/uploads/2015/02/intent-circle.jpg could save 2.1KiB (42% reduction).",
            "Compressing https://intent.de/wp-content/uploads/2015/02/intent-ma.jpg could save 1.8KiB (38% reduction).",
            "Compressing https://intent.de/wp-content/uploads/2015/02/intent-2-4.jpg could save 1.3KiB (46% reduction).",
            "Compressing https://intent.de/wp-content/uploads/2015/02/intent-3-4.jpg could save 1.3KiB (47% reduction).",
            "Compressing https://intent.de/wp-content/uploads/2015/02/intent-4-4.jpg could save 1.2KiB (46% reduction).",
            "Compressing https://intent.de/wp-content/uploads/2015/02/intent-1-4.jpg could save 1.2KiB (51% reduction).",
            "Compressing https://intent.de/wp-content/uploads/2016/06/intent-x1.png could save 773B (37% reduction)."
          ]
        }
      ],
      "content": null,
      "checked": "error"
    },
    {
      "id": 53,
      "type": 51,
      "name": "Prioritize visible content",
      "rationale": null,
      "description": [
        {
          "title": "You have the above-the-fold content properly prioritized. Learn more about <a target =\"_blank\" href=\"https://developers.google.com/speed/docs/insights/PrioritizeVisibleContent\">prioritizing visible content</a>."
        }
      ],
      "content": null,
      "checked": "error"
    },
    {
      "id": 54,
      "type": 52,
      "name": "Avoid app install interstitials that hide content",
      "rationale": null,
      "description": "",
      "content": null,
      "checked": "passed"
    },
    {
      "id": 55,
      "type": 53,
      "name": "Avoid plugins",
      "rationale": null,
      "description": "",
      "content": null,
      "checked": "passed"
    },
    {
      "id": 56,
      "type": 54,
      "name": "Configure the viewport",
      "rationale": null,
      "description": "",
      "content": null,
      "checked": "passed"
    },
    {
      "id": 57,
      "type": 55,
      "name": "Size content to viewport",
      "rationale": null,
      "description": "",
      "content": null,
      "checked": "passed"
    },
    {
      "id": 58,
      "type": 56,
      "name": "Size tap targets appropriately",
      "rationale": null,
      "description": "",
      "content": null,
      "checked": "passed"
    },
    {
      "id": 59,
      "type": 57,
      "name": "Use legible font sizes",
      "rationale": null,
      "description": "",
      "content": null,
      "checked": "passed"
    }
  ],
  "percent": 38,
  "warning": 3,
  "error": 7
}