{
  "id": 14,
  "name": "Popularity In Social Media",
  "description": "Popularity in social media as well as the activity of your groups and pages increase your brand awareness and act as one of the search engines' ranking factors.",
  "criterias": [
    {
      "id": 76,
      "type": 58,
      "name": "Page",
      "rationale": null,
      "description": "Social media authority of the page is a ranking \n    factor with an increasing importance. Google and other search engines watch closely \n    how popular a certain page across social networks and adjust its positions accordingly.",
      "content": [
        {
          "facebook": "16"
        },
        {
          "twitter": "4"
        },
        {
          "instagram": "0"
        },
        {
          "google_plus": "1"
        },
        {
          "pinterest": "0"
        }
      ],
      "checked": "passed"
    },
    {
      "id": 77,
      "type": 59,
      "name": "Domain",
      "rationale": null,
      "description": "Social media popularity of a domain is an \n    integral part of the SEO strategy. An aged website that has never been mentioned in \n    social networks can hardly be considered as worthy. Neither by the user not by the search engine.",
      "content": [
        {
          "facebook": "16"
        },
        {
          "twitter": "4"
        },
        {
          "instagram": "0"
        },
        {
          "google_plus": "1"
        },
        {
          "pinterest": "0"
        }
      ],
      "checked": "passed"
    },
    {
      "id": 78,
      "type": 60,
      "name": "Add social media buttons to the page",
      "rationale": null,
      "description": "Social media buttons help to share the content a \n    user liked at a single click. A study by Brightedge.com revealed that proper share buttons \n    can increase social media sharing by 700.",
      "content": [
        {
          "facebook": "Add Facebook buttons \"Share\" or \"Like\""
        },
        {
          "twitter": "Add Twitter button"
        },
        {
          "instagram": "Add Instagram button"
        },
        {
          "google_plus": "Add Google+ button"
        },
        {
          "pinterest": "Add Pinterest button"
        }
      ],
      "checked": "warning"
    }
  ],
  "percent": 67,
  "warning": 1,
  "error": 0
}