{
  "id": 11,
  "name": "Keyword density",
  "description": null,
  "criterias": [
    {
      "id": 40,
      "type": 31,
      "name": "Words totally",
      "rationale": "1",
      "description": "",
      "content": [],
      "checked": ""
    },
    {
      "id": 41,
      "type": 32,
      "name": "Phrases with 2 words",
      "rationale": "0",
      "description": "",
      "content": [],
      "checked": ""
    },
    {
      "id": 42,
      "type": 33,
      "name": "Phrases with 3 words",
      "rationale": "0",
      "description": "",
      "content": [],
      "checked": ""
    },
    {
      "id": 43,
      "type": 34,
      "name": "Phrases with 4 words",
      "rationale": "0",
      "description": "",
      "content": [],
      "checked": ""
    }
  ],
  "percent": 0,
  "warning": 0,
  "error": 0
}